{
  "rounds": [
    {
      "round": 1,
      "loss": 0.0882
    },
    {
      "round": 2,
      "loss": 0.0722
    },
    {
      "round": 3,
      "loss": 0.066
    },
    {
      "round": 4,
      "loss": 0.0651
    },
    {
      "round": 5,
      "loss": 0.0615
    },
    {
      "round": 6,
      "loss": 0.0553
    },
    {
      "round": 7,
      "loss": 0.0544
    },
    {
      "round": 8,
      "loss": 0.0517
    },
    {
      "round": 9,
      "loss": 0.0517
    },
    {
      "round": 10,
      "loss": 0.0499
    },
    {
      "round": 11,
      "loss": 0.0499
    },
    {
      "round": 12,
      "loss": 0.0472
    },
    {
      "round": 13,
      "loss": 0.0446
    },
    {
      "round": 14,
      "loss": 0.0446
    },
    {
      "round": 15,
      "loss": 0.0419
    }
  ],
  "clients": {
    "0": {
      "training": [
        {
          "f1_score": 0.93,
          "round": 2,
          "total_rounds": 15
        },
        {
          "f1_score": 0.9387,
          "round": 3,
          "total_rounds": 15
        },
        {
          "f1_score": 0.9401,
          "round": 4,
          "total_rounds": 15
        },
        {
          "f1_score": 0.9396,
          "round": 5,
          "total_rounds": 15
        },
        {
          "f1_score": 0.9426,
          "round": 6,
          "total_rounds": 15
        },
        {
          "f1_score": 0.949,
          "round": 7,
          "total_rounds": 15
        },
        {
          "f1_score": 0.9476,
          "round": 8,
          "total_rounds": 15
        },
        {
          "f1_score": 0.9495,
          "round": 9,
          "total_rounds": 15
        },
        {
          "f1_score": 0.9526,
          "round": 10,
          "total_rounds": 15
        },
        {
          "f1_score": 0.9507,
          "round": 11,
          "total_rounds": 15
        },
        {
          "f1_score": 0.9548,
          "round": 12,
          "total_rounds": 15
        },
        {
          "f1_score": 0.953,
          "round": 13,
          "total_rounds": 15
        },
        {
          "f1_score": 0.9535,
          "round": 14,
          "total_rounds": 15
        },
        {
          "f1_score": 0.9521,
          "round": 15,
          "total_rounds": 15
        },
        {
          "f1_score": 0.9539
        }
      ],
      "evaluation": [
        {
          "f1_score": 0.9059
        },
        {
          "f1_score": 0.9263
        },
        {
          "f1_score": 0.9317
        },
        {
          "f1_score": 0.9336
        },
        {
          "f1_score": 0.9353
        },
        {
          "f1_score": 0.9444
        },
        {
          "f1_score": 0.9425
        },
        {
          "f1_score": 0.9462
        },
        {
          "f1_score": 0.9462
        },
        {
          "f1_score": 0.9497
        },
        {
          "f1_score": 0.9497
        },
        {
          "f1_score": 0.9516
        },
        {
          "f1_score": 0.9552
        },
        {
          "f1_score": 0.9534
        },
        {
          "f1_score": 0.9552
        }
      ]
    },
    "1": {
      "training": [
        {
          "f1_score": 0.9242,
          "round": 2,
          "total_rounds": 15
        },
        {
          "f1_score": 0.9416,
          "round": 3,
          "total_rounds": 15
        },
        {
          "f1_score": 0.9423,
          "round": 4,
          "total_rounds": 15
        },
        {
          "f1_score": 0.9445,
          "round": 5,
          "total_rounds": 15
        },
        {
          "f1_score": 0.9503,
          "round": 6,
          "total_rounds": 15
        },
        {
          "f1_score": 0.9526,
          "round": 7,
          "total_rounds": 15
        },
        {
          "f1_score": 0.9541,
          "round": 8,
          "total_rounds": 15
        },
        {
          "f1_score": 0.9547,
          "round": 9,
          "total_rounds": 15
        },
        {
          "f1_score": 0.9562,
          "round": 10,
          "total_rounds": 15
        },
        {
          "f1_score": 0.9592,
          "round": 11,
          "total_rounds": 15
        },
        {
          "f1_score": 0.9592,
          "round": 12,
          "total_rounds": 15
        },
        {
          "f1_score": 0.957,
          "round": 13,
          "total_rounds": 15
        },
        {
          "f1_score": 0.963,
          "round": 14,
          "total_rounds": 15
        },
        {
          "f1_score": 0.9592,
          "round": 15,
          "total_rounds": 15
        },
        {
          "f1_score": 0.9585
        }
      ],
      "evaluation": [
        {
          "f1_score": 0.9243
        },
        {
          "f1_score": 0.9429
        },
        {
          "f1_score": 0.9458
        },
        {
          "f1_score": 0.9458
        },
        {
          "f1_score": 0.9488
        },
        {
          "f1_score": 0.9549
        },
        {
          "f1_score": 0.9549
        },
        {
          "f1_score": 0.9578
        },
        {
          "f1_score": 0.9578
        },
        {
          "f1_score": 0.9578
        },
        {
          "f1_score": 0.9578
        },
        {
          "f1_score": 0.9639
        },
        {
          "f1_score": 0.9639
        },
        {
          "f1_score": 0.967
        },
        {
          "f1_score": 0.973
        }
      ]
    },
    "2": {
      "training": [
        {
          "f1_score": 0.9388,
          "round": 2,
          "total_rounds": 15
        },
        {
          "f1_score": 0.9432,
          "round": 3,
          "total_rounds": 15
        },
        {
          "f1_score": 0.9488,
          "round": 4,
          "total_rounds": 15
        },
        {
          "f1_score": 0.951,
          "round": 5,
          "total_rounds": 15
        },
        {
          "f1_score": 0.9532,
          "round": 6,
          "total_rounds": 15
        },
        {
          "f1_score": 0.9532,
          "round": 7,
          "total_rounds": 15
        },
        {
          "f1_score": 0.9565,
          "round": 8,
          "total_rounds": 15
        },
        {
          "f1_score": 0.9565,
          "round": 9,
          "total_rounds": 15
        },
        {
          "f1_score": 0.9587,
          "round": 10,
          "total_rounds": 15
        },
        {
          "f1_score": 0.9619,
          "round": 11,
          "total_rounds": 15
        },
        {
          "f1_score": 0.9597,
          "round": 12,
          "total_rounds": 15
        },
        {
          "f1_score": 0.9608,
          "round": 13,
          "total_rounds": 15
        },
        {
          "f1_score": 0.9608,
          "round": 14,
          "total_rounds": 15
        },
        {
          "f1_score": 0.9619,
          "round": 15,
          "total_rounds": 15
        },
        {
          "f1_score": 0.964
        }
      ],
      "evaluation": [
        {
          "f1_score": 0.9017
        },
        {
          "f1_score": 0.9063
        },
        {
          "f1_score": 0.9198
        },
        {
          "f1_score": 0.9198
        },
        {
          "f1_score": 0.9285
        },
        {
          "f1_score": 0.9285
        },
        {
          "f1_score": 0.9372
        },
        {
          "f1_score": 0.9372
        },
        {
          "f1_score": 0.9372
        },
        {
          "f1_score": 0.9372
        },
        {
          "f1_score": 0.9372
        },
        {
          "f1_score": 0.9372
        },
        {
          "f1_score": 0.9418
        },
        {
          "f1_score": 0.9418
        },
        {
          "f1_score": 0.9418
        }
      ]
    }
  },
  "final_metrics": {
    "loss": 0.0419
  }
}