{
  "rounds": [
    {
      "round": 1,
      "loss": 0.442
    },
    {
      "round": 2,
      "loss": 0.441
    },
    {
      "round": 3,
      "loss": 0.4405
    },
    {
      "round": 4,
      "loss": 0.4404
    },
    {
      "round": 5,
      "loss": 0.4402
    },
    {
      "round": 6,
      "loss": 0.4402
    },
    {
      "round": 7,
      "loss": 0.4402
    },
    {
      "round": 8,
      "loss": 0.4402
    },
    {
      "round": 9,
      "loss": 0.4402
    },
    {
      "round": 10,
      "loss": 0.4402
    },
    {
      "round": 11,
      "loss": 0.4402
    },
    {
      "round": 12,
      "loss": 0.4402
    },
    {
      "round": 13,
      "loss": 0.4402
    },
    {
      "round": 14,
      "loss": 0.4402
    },
    {
      "round": 15,
      "loss": 0.4402
    }
  ],
  "clients": {
    "0": {
      "training": [
        {
          "f1_score": 0.4478,
          "round": 2,
          "total_rounds": 15
        },
        {
          "f1_score": 0.4482,
          "round": 3,
          "total_rounds": 15
        },
        {
          "f1_score": 0.4483,
          "round": 4,
          "total_rounds": 15
        },
        {
          "f1_score": 0.4482,
          "round": 5,
          "total_rounds": 15
        },
        {
          "f1_score": 0.4482,
          "round": 6,
          "total_rounds": 15
        },
        {
          "f1_score": 0.4482,
          "round": 7,
          "total_rounds": 15
        },
        {
          "f1_score": 0.4482,
          "round": 8,
          "total_rounds": 15
        },
        {
          "f1_score": 0.4482,
          "round": 9,
          "total_rounds": 15
        },
        {
          "f1_score": 0.4482,
          "round": 10,
          "total_rounds": 15
        },
        {
          "f1_score": 0.4482,
          "round": 11,
          "total_rounds": 15
        },
        {
          "f1_score": 0.4482,
          "round": 12,
          "total_rounds": 15
        },
        {
          "f1_score": 0.4482,
          "round": 13,
          "total_rounds": 15
        },
        {
          "f1_score": 0.4482,
          "round": 14,
          "total_rounds": 15
        },
        {
          "f1_score": 0.4482,
          "round": 15,
          "total_rounds": 15
        },
        {
          "f1_score": 0.4482
        }
      ],
      "evaluation": [
        {
          "f1_score": 0.4443
        },
        {
          "f1_score": 0.4465
        },
        {
          "f1_score": 0.4473
        },
        {
          "f1_score": 0.4473
        },
        {
          "f1_score": 0.4476
        },
        {
          "f1_score": 0.4476
        },
        {
          "f1_score": 0.4476
        },
        {
          "f1_score": 0.4476
        },
        {
          "f1_score": 0.4476
        },
        {
          "f1_score": 0.4476
        },
        {
          "f1_score": 0.4476
        },
        {
          "f1_score": 0.4476
        },
        {
          "f1_score": 0.4476
        },
        {
          "f1_score": 0.4476
        },
        {
          "f1_score": 0.4476
        }
      ]
    },
    "1": {
      "training": [
        {
          "f1_score": 0.4466,
          "round": 2,
          "total_rounds": 15
        },
        {
          "f1_score": 0.4474,
          "round": 3,
          "total_rounds": 15
        },
        {
          "f1_score": 0.448,
          "round": 4,
          "total_rounds": 15
        },
        {
          "f1_score": 0.4481,
          "round": 5,
          "total_rounds": 15
        },
        {
          "f1_score": 0.4481,
          "round": 6,
          "total_rounds": 15
        },
        {
          "f1_score": 0.4481,
          "round": 7,
          "total_rounds": 15
        },
        {
          "f1_score": 0.4481,
          "round": 8,
          "total_rounds": 15
        },
        {
          "f1_score": 0.4481,
          "round": 9,
          "total_rounds": 15
        },
        {
          "f1_score": 0.4481,
          "round": 10,
          "total_rounds": 15
        },
        {
          "f1_score": 0.4481,
          "round": 11,
          "total_rounds": 15
        },
        {
          "f1_score": 0.4481,
          "round": 12,
          "total_rounds": 15
        },
        {
          "f1_score": 0.4481,
          "round": 13,
          "total_rounds": 15
        },
        {
          "f1_score": 0.4481,
          "round": 14,
          "total_rounds": 15
        },
        {
          "f1_score": 0.4481,
          "round": 15,
          "total_rounds": 15
        },
        {
          "f1_score": 0.4481
        }
      ],
      "evaluation": [
        {
          "f1_score": 0.4408
        },
        {
          "f1_score": 0.4412
        },
        {
          "f1_score": 0.4412
        },
        {
          "f1_score": 0.4416
        },
        {
          "f1_score": 0.442
        },
        {
          "f1_score": 0.442
        },
        {
          "f1_score": 0.442
        },
        {
          "f1_score": 0.442
        },
        {
          "f1_score": 0.442
        },
        {
          "f1_score": 0.442
        },
        {
          "f1_score": 0.442
        },
        {
          "f1_score": 0.442
        },
        {
          "f1_score": 0.442
        },
        {
          "f1_score": 0.442
        },
        {
          "f1_score": 0.442
        }
      ]
    },
    "2": {
      "training": [
        {
          "f1_score": 0.4445,
          "round": 2,
          "total_rounds": 15
        },
        {
          "f1_score": 0.4469,
          "round": 3,
          "total_rounds": 15
        },
        {
          "f1_score": 0.4477,
          "round": 4,
          "total_rounds": 15
        },
        {
          "f1_score": 0.4479,
          "round": 5,
          "total_rounds": 15
        },
        {
          "f1_score": 0.4479,
          "round": 6,
          "total_rounds": 15
        },
        {
          "f1_score": 0.448,
          "round": 7,
          "total_rounds": 15
        },
        {
          "f1_score": 0.4479,
          "round": 8,
          "total_rounds": 15
        },
        {
          "f1_score": 0.4479,
          "round": 9,
          "total_rounds": 15
        },
        {
          "f1_score": 0.448,
          "round": 10,
          "total_rounds": 15
        },
        {
          "f1_score": 0.448,
          "round": 11,
          "total_rounds": 15
        },
        {
          "f1_score": 0.448,
          "round": 12,
          "total_rounds": 15
        },
        {
          "f1_score": 0.448,
          "round": 13,
          "total_rounds": 15
        },
        {
          "f1_score": 0.448,
          "round": 14,
          "total_rounds": 15
        },
        {
          "f1_score": 0.448,
          "round": 15,
          "total_rounds": 15
        },
        {
          "f1_score": 0.448
        }
      ],
      "evaluation": [
        {
          "f1_score": 0.443
        },
        {
          "f1_score": 0.4426
        },
        {
          "f1_score": 0.4431
        },
        {
          "f1_score": 0.4431
        },
        {
          "f1_score": 0.4431
        },
        {
          "f1_score": 0.4431
        },
        {
          "f1_score": 0.4431
        },
        {
          "f1_score": 0.4431
        },
        {
          "f1_score": 0.4431
        },
        {
          "f1_score": 0.4431
        },
        {
          "f1_score": 0.4431
        },
        {
          "f1_score": 0.4431
        },
        {
          "f1_score": 0.4431
        },
        {
          "f1_score": 0.4431
        },
        {
          "f1_score": 0.4431
        }
      ]
    }
  },
  "final_metrics": {
    "loss": 0.4402
  }
}