{
  "rounds": [
    {
      "round": 1,
      "loss": 0.082
    },
    {
      "round": 2,
      "loss": 0.0615
    },
    {
      "round": 3,
      "loss": 0.0357
    },
    {
      "round": 4,
      "loss": 0.0321
    },
    {
      "round": 5,
      "loss": 0.0276
    },
    {
      "round": 6,
      "loss": 0.0258
    },
    {
      "round": 7,
      "loss": 0.0241
    },
    {
      "round": 8,
      "loss": 0.025
    },
    {
      "round": 9,
      "loss": 0.0241
    },
    {
      "round": 10,
      "loss": 0.025
    },
    {
      "round": 11,
      "loss": 0.025
    },
    {
      "round": 12,
      "loss": 0.0232
    },
    {
      "round": 13,
      "loss": 0.0223
    },
    {
      "round": 14,
      "loss": 0.0223
    },
    {
      "round": 15,
      "loss": 0.0223
    }
  ],
  "clients": {
    "0": {
      "training": [
        {
          "f1_score": 0.9369,
          "round": 2,
          "total_rounds": 15
        },
        {
          "f1_score": 0.9442,
          "round": 3,
          "total_rounds": 15
        },
        {
          "f1_score": 0.9562,
          "round": 4,
          "total_rounds": 15
        },
        {
          "f1_score": 0.9603,
          "round": 5,
          "total_rounds": 15
        },
        {
          "f1_score": 0.9612,
          "round": 6,
          "total_rounds": 15
        },
        {
          "f1_score": 0.9634,
          "round": 7,
          "total_rounds": 15
        },
        {
          "f1_score": 0.9661,
          "round": 8,
          "total_rounds": 15
        },
        {
          "f1_score": 0.9665,
          "round": 9,
          "total_rounds": 15
        },
        {
          "f1_score": 0.967,
          "round": 10,
          "total_rounds": 15
        },
        {
          "f1_score": 0.967,
          "round": 11,
          "total_rounds": 15
        },
        {
          "f1_score": 0.9674,
          "round": 12,
          "total_rounds": 15
        },
        {
          "f1_score": 0.9674,
          "round": 13,
          "total_rounds": 15
        },
        {
          "f1_score": 0.9679,
          "round": 14,
          "total_rounds": 15
        },
        {
          "f1_score": 0.9679,
          "round": 15,
          "total_rounds": 15
        },
        {
          "f1_score": 0.9688
        }
      ],
      "evaluation": [
        {
          "f1_score": 0.9134
        },
        {
          "f1_score": 0.939
        },
        {
          "f1_score": 0.9661
        },
        {
          "f1_score": 0.9697
        },
        {
          "f1_score": 0.9733
        },
        {
          "f1_score": 0.9768
        },
        {
          "f1_score": 0.9803
        },
        {
          "f1_score": 0.9786
        },
        {
          "f1_score": 0.9803
        },
        {
          "f1_score": 0.9803
        },
        {
          "f1_score": 0.9803
        },
        {
          "f1_score": 0.9839
        },
        {
          "f1_score": 0.9839
        },
        {
          "f1_score": 0.9839
        },
        {
          "f1_score": 0.9839
        }
      ]
    },
    "1": {
      "training": [
        {
          "f1_score": 0.9304,
          "round": 2,
          "total_rounds": 15
        },
        {
          "f1_score": 0.9496,
          "round": 3,
          "total_rounds": 15
        },
        {
          "f1_score": 0.9607,
          "round": 4,
          "total_rounds": 15
        },
        {
          "f1_score": 0.9622,
          "round": 5,
          "total_rounds": 15
        },
        {
          "f1_score": 0.9645,
          "round": 6,
          "total_rounds": 15
        },
        {
          "f1_score": 0.9704,
          "round": 7,
          "total_rounds": 15
        },
        {
          "f1_score": 0.9734,
          "round": 8,
          "total_rounds": 15
        },
        {
          "f1_score": 0.9748,
          "round": 9,
          "total_rounds": 15
        },
        {
          "f1_score": 0.9771,
          "round": 10,
          "total_rounds": 15
        },
        {
          "f1_score": 0.9771,
          "round": 11,
          "total_rounds": 15
        },
        {
          "f1_score": 0.9808,
          "round": 12,
          "total_rounds": 15
        },
        {
          "f1_score": 0.9815,
          "round": 13,
          "total_rounds": 15
        },
        {
          "f1_score": 0.9815,
          "round": 14,
          "total_rounds": 15
        },
        {
          "f1_score": 0.9815,
          "round": 15,
          "total_rounds": 15
        },
        {
          "f1_score": 0.9823
        }
      ],
      "evaluation": [
        {
          "f1_score": 0.9336
        },
        {
          "f1_score": 0.949
        },
        {
          "f1_score": 0.973
        },
        {
          "f1_score": 0.9791
        },
        {
          "f1_score": 0.9881
        },
        {
          "f1_score": 0.9851
        },
        {
          "f1_score": 0.9851
        },
        {
          "f1_score": 0.9851
        },
        {
          "f1_score": 0.9851
        },
        {
          "f1_score": 0.9821
        },
        {
          "f1_score": 0.9821
        },
        {
          "f1_score": 0.9821
        },
        {
          "f1_score": 0.9851
        },
        {
          "f1_score": 0.9851
        },
        {
          "f1_score": 0.9851
        }
      ]
    },
    "2": {
      "training": [
        {
          "f1_score": 0.931,
          "round": 2,
          "total_rounds": 15
        },
        {
          "f1_score": 0.9521,
          "round": 3,
          "total_rounds": 15
        },
        {
          "f1_score": 0.9663,
          "round": 4,
          "total_rounds": 15
        },
        {
          "f1_score": 0.975,
          "round": 5,
          "total_rounds": 15
        },
        {
          "f1_score": 0.975,
          "round": 6,
          "total_rounds": 15
        },
        {
          "f1_score": 0.975,
          "round": 7,
          "total_rounds": 15
        },
        {
          "f1_score": 0.975,
          "round": 8,
          "total_rounds": 15
        },
        {
          "f1_score": 0.9761,
          "round": 9,
          "total_rounds": 15
        },
        {
          "f1_score": 0.9793,
          "round": 10,
          "total_rounds": 15
        },
        {
          "f1_score": 0.9826,
          "round": 11,
          "total_rounds": 15
        },
        {
          "f1_score": 0.9837,
          "round": 12,
          "total_rounds": 15
        },
        {
          "f1_score": 0.9837,
          "round": 13,
          "total_rounds": 15
        },
        {
          "f1_score": 0.9837,
          "round": 14,
          "total_rounds": 15
        },
        {
          "f1_score": 0.9837,
          "round": 15,
          "total_rounds": 15
        },
        {
          "f1_score": 0.9848
        }
      ],
      "evaluation": [
        {
          "f1_score": 0.9017
        },
        {
          "f1_score": 0.9198
        },
        {
          "f1_score": 0.9464
        },
        {
          "f1_score": 0.9464
        },
        {
          "f1_score": 0.9464
        },
        {
          "f1_score": 0.9509
        },
        {
          "f1_score": 0.9509
        },
        {
          "f1_score": 0.9509
        },
        {
          "f1_score": 0.9509
        },
        {
          "f1_score": 0.9509
        },
        {
          "f1_score": 0.9509
        },
        {
          "f1_score": 0.9509
        },
        {
          "f1_score": 0.9509
        },
        {
          "f1_score": 0.9509
        },
        {
          "f1_score": 0.9509
        }
      ]
    }
  },
  "final_metrics": {
    "loss": 0.0223
  }
}